{
    "0": {
        "type": "police",
        "position": {
            "x": -51.58801157493257,
            "y": 8.839526702732625,
            "z": -3.4608088183603707
        },
        "rotation": {
            "x": 3.141592653589793,
            "y": -1.478017775136355,
            "z": 3.141592653589793
        },
        "scale": {
            "x": 1,
            "y": 1,
            "z": 1
        }
    },
    "1": {
        "type": "police",
        "position": {
            "x": -25.874425912530757,
            "y": 0.3430933827666178,
            "z": 1.6922278565353845
        },
        "rotation": {
            "x": -3.141592653589793,
            "y": 0.046876033081015664,
            "z": -3.141592653589793
        },
        "scale": {
            "x": 1,
            "y": 1,
            "z": 1
        }
    },
    "2": {
        "type": "police",
        "position": {
            "x": -17.417424722884252,
            "y": 0.3469526036851387,
            "z": 1.698000611807176
        },
        "rotation": {
            "x": -3.141592653589793,
            "y": 0.03003768925868524,
            "z": -3.141592653589793
        },
        "scale": {
            "x": 1,
            "y": 1,
            "z": 1
        }
    },
    "3": {
        "type": "police",
        "position": {
            "x": -9.54716350423162,
            "y": 0.3403953747686652,
            "z": -4.434579961091392
        },
        "rotation": {
            "x": 3.141592653589793,
            "y": -1.4922576050628213,
            "z": 3.141592653589793
        },
        "scale": {
            "x": 1,
            "y": 1,
            "z": 1
        }
    },
    "4": {
        "type": "police",
        "position": {
            "x": 15.839924256124014,
            "y": -5.6375887734131584,
            "z": 0.9740918778480949
        },
        "rotation": {
            "x": 3.141592653589793,
            "y": -1.5025489657229938,
            "z": 3.141592653589793
        },
        "scale": {
            "x": 1,
            "y": 1,
            "z": 1
        }
    },
    "5": {
        "type": "police",
        "position": {
            "x": 28.798161146364826,
            "y": -5.658640244127421,
            "z": 2.168471438811823
        },
        "rotation": {
            "x": -3.141592653589793,
            "y": 1.5549501398791126,
            "z": -3.141592653589793
        },
        "scale": {
            "x": 1,
            "y": 1,
            "z": 1
        }
    }
}